batch_reward,critic_loss,episode,episode_reward,eps,fps,step
-0.30290697790958265,0.024130353232684695,2.0,-21.0,0.9935613868613099,114.34652159301321,1843
-0.32279203298880316,0.01946406444958659,3.0,-21.0,0.8768800000000003,68.657651227396,2726
-0.3408845943893291,0.01190637574527743,4.0,-21.0,0.7233400000000036,68.2260293350137,3549
-0.3126817573510442,0.00921890292922789,5.0,-19.0,0.5603499999999959,66.77205063797946,4537
-0.29175181721331755,0.006421757791180573,6.0,-20.0,0.39357999999999865,65.7204874753544,5402
-0.2718135920752372,0.005891615969057267,7.0,-20.0,0.23382999999999998,62.3364347784703,6312
-0.2542279021002543,0.004871039577306081,8.0,-21.0,0.10960369230769124,66.02408623170278,7092
-0.24707589471075134,0.00496235719232819,9.0,-19.0,0.09999999999999874,66.49130649733272,8059
-0.22696100622974535,0.005012516565680791,10.0,-19.0,0.0999999999999989,65.74604999748998,8992
-0.23552606699555462,0.00480046692132156,11.0,-21.0,0.09999999999999981,62.78019909123888,9771
-0.23311887118341354,0.0047339040540196565,12.0,-18.0,0.09999999999999866,63.86146604994043,10756
-0.22660873443938984,0.004862751538465277,13.0,-21.0,0.0999999999999998,63.9847379653146,11536
-0.23628436570722214,0.004764804725102138,14.0,-20.0,0.09999999999999915,66.29832906381506,12422
-0.2335520648138163,0.004671968714719409,15.0,-20.0,0.09999999999999913,64.4164699392012,13309
-0.22984068153745585,0.004528754578063569,16.0,-21.0,0.09999999999999878,65.46407126610005,14265
-0.23642366171877138,0.004479115167601895,17.0,-20.0,0.09999999999999903,66.47025124438416,15172
-0.2184255842513242,0.0044944004884897495,18.0,-18.0,0.09999999999999831,65.47682814939749,16241
-0.2165814044018883,0.004387428354360719,19.0,-20.0,0.09999999999999858,65.23286797405527,17246
-0.2042968963426421,0.004452994706148389,20.0,-18.0,0.09999999999999815,66.57232447023736,18362
-0.19705055263842308,0.004485916055638839,21.0,-15.0,0.09999999999999731,66.12115986419681,19795
-0.19875755464401393,0.00441004799354308,22.0,-18.0,0.09999999999999808,62.02451125847869,20934
-0.19564075340872678,0.004382468757794384,23.0,-19.0,0.09999999999999772,65.92310104494774,22193
-0.18483378036382972,0.00439481033880957,24.0,-14.0,0.09999999999999723,64.98820560709336,23665
-0.18649625770972464,0.004426696742001664,25.0,-19.0,0.09999999999999801,66.4088859465992,24825
-0.17826291714445688,0.00453155890092603,26.0,-15.0,0.099999999999997,66.76664222793083,26425
-0.1755289397488217,0.004557696923391644,27.0,-16.0,0.09999999999999741,66.21351953007878,27810
-0.1740005611585603,0.004534208985734197,28.0,-19.0,0.09999999999999724,61.37327629228715,29276
-0.17715208749435973,0.00449627578060484,29.0,-20.0,0.09999999999999812,63.18737288785642,30400
-0.17245869247893936,0.00447113317392406,30.0,-14.0,0.09999999999999715,62.44095481227137,31919
-0.1649782568333936,0.004457268034051228,31.0,-17.0,0.09999999999999747,66.26393480528678,33281
-0.16835249005774622,0.004497944419618744,32.0,-14.0,0.09999999999999691,64.4709429716635,34934
-0.16053759033243822,0.00451042028146621,33.0,-13.0,0.09999999999999673,66.1384321198748,36712
-0.1642125206704218,0.004447375950343036,34.0,-19.0,0.09999999999999759,65.3333081218887,38021
-0.15979449586829086,0.004426907333387138,35.0,-13.0,0.09999999999999702,66.72473979300055,39610
-0.1551028716977749,0.004426479988974422,36.0,-12.0,0.09999999999999691,63.28041714904468,41262
-0.14940740252991347,0.004486059581629363,37.0,-9.0,0.09999999999999648,66.32589588164262,43241
-0.14752148072528048,0.004410250874626938,38.0,-19.0,0.09999999999999681,66.4951758875192,44962
-0.14715418129474014,0.004362034792935846,39.0,-21.0,0.0999999999999975,65.08452963879854,46310
-0.1502013874698717,0.004273364100909721,40.0,-20.0,0.09999999999999762,64.91875296497312,47610
-0.14782978340073785,0.00425621644162288,41.0,-17.0,0.09999999999999726,64.78205056658622,49068
-0.13948247947700268,0.004181138037308095,42.0,-9.0,0.09999999999999654,6.304340722904494,51002
-0.14179621867527975,0.004064484033966127,43.0,-20.0,0.09999999999999717,64.38518316902,52504
-0.14314778386297064,0.003966483746666855,44.0,-16.0,0.09999999999999698,65.91542309536415,54114
-0.13755293200935514,0.004012039031263955,45.0,-16.0,0.09999999999999667,63.952956445664356,55931
-0.1377579715283167,0.00398712462660486,46.0,-10.0,0.09999999999999662,62.58999754867914,57791
-0.1331447704357813,0.003858312274237097,47.0,-16.0,0.09999999999999697,65.96810898446601,59406
-0.12978588893691975,0.003832092192074218,48.0,-10.0,0.09999999999999652,64.9966707622195,61353
-0.12888404223786096,0.0036569458581897927,49.0,-19.0,0.09999999999999727,66.31091114902384,62807
-0.13305214365690476,0.003541742927418034,50.0,-19.0,0.09999999999999692,66.10817094440833,64451
-0.1274258063297751,0.003547014811142243,51.0,-11.0,0.09999999999999663,66.03733871155521,66299
-0.1304042217160757,0.0035246964300673974,52.0,-14.0,0.09999999999999674,64.06857275176559,68064
-0.12265621672489811,0.0034368520050098387,53.0,-13.0,0.0999999999999965,64.20721592810744,70035
-0.12394786936293045,0.0034519132614756623,54.0,-18.0,0.09999999999999717,66.22950571168346,71535
-0.12293822830090824,0.0034015882567861974,55.0,-14.0,0.09999999999999692,65.40090105510014,73183
-0.12284241044179448,0.003405155242562416,56.0,-10.0,0.09999999999999644,65.2347574749688,75201
-0.11960916061722275,0.0032966418221496087,57.0,-13.0,0.09999999999999686,65.61723427168121,76894
-0.1166100384965098,0.003236723570538872,58.0,-13.0,0.09999999999999662,64.55629944664818,78753
-0.11780376848469164,0.0031404429527816633,59.0,-11.0,0.09999999999999633,63.435056267929866,80880
-0.1147730493137979,0.0031390580288306984,60.0,-8.0,0.09999999999999636,66.19783940133956,82986
-0.11609136075323644,0.0031631447872488365,61.0,-10.0,0.09999999999999663,66.21632871513248,84841
-0.11384869396129703,0.0031188798008453173,62.0,-13.0,0.0999999999999968,64.9133369848775,86567
-0.11360881808582399,0.0031168396703617498,63.0,-8.0,0.09999999999999637,63.828207058136314,88652
-0.1105966049672316,0.0030836331037183604,64.0,-13.0,0.09999999999999684,63.37057352548633,90347
-0.10964003037722252,0.0030585325182805206,65.0,-3.0,0.09999999999999784,62.11987707720751,93098
-0.10833506543023409,0.0030127226239298186,66.0,-5.0,0.0999999999999961,66.5081045669042,95501
-0.10496433576108721,0.0029248267301945027,67.0,-5.0,0.09999999999999616,66.1576985354136,97820
-0.10349924285906865,0.002885164469412339,68.0,-6.0,0.09999999999999622,7.305524005695674,100074
-0.09968047786766877,0.002815519063576337,69.0,-7.0,0.09999999999999619,63.45622841844273,102370
-0.09841801769441491,0.002820987545999242,70.0,-10.0,0.09999999999999645,65.02088434849806,104378
-0.09679053815387438,0.0027553919375195427,71.0,-5.0,0.09999999999999672,61.97050864095683,107010
-0.09865557580831505,0.002689515162409017,72.0,-8.0,0.09999999999999636,64.49551270472587,109110
-0.09456200348241912,0.0026428661549996735,73.0,-9.0,0.09999999999999651,64.6170073276161,111064
-0.0953418924715071,0.0026019437114518608,74.0,-8.0,0.09999999999999634,65.50617736943886,113182
-0.09412962109705464,0.002557065867490639,75.0,-7.0,0.09999999999999608,65.73285677293343,115622
-0.09436032827063646,0.002521226555039557,76.0,-9.0,0.09999999999999645,65.78021436122371,117633
-0.09462067659600193,0.0024704073796546215,77.0,-7.0,0.09999999999999604,65.12856475542243,120123
-0.09211405089090353,0.002423593187996453,78.0,-10.0,0.09999999999999648,65.7680370281609,122110
-0.09070409097352283,0.002429208019719168,79.0,-9.0,0.09999999999999647,63.67229976362512,124106
-0.08738170943189215,0.0024765887306175153,80.0,-9.0,0.09999999999999631,64.40261745829709,126260
-0.09280104079586735,0.002373385413649892,81.0,-11.0,0.09999999999999647,65.51306415825351,128252
-0.08819099223415362,0.0023335291102916295,82.0,-6.0,0.09999999999999638,59.10938877632953,130851
-0.08594786575447895,0.002299514875219985,83.0,-6.0,0.09999999999999612,64.37170343226167,133224
-0.0848540813440294,0.0022869701163701762,84.0,-7.0,0.0999999999999961,63.92319931898219,135613
-0.08664396736637014,0.002270603132241015,85.0,-9.0,0.09999999999999631,65.52749898806073,137756
-0.0871834575056916,0.0022458975620753886,86.0,-9.0,0.09999999999999636,65.83801117433636,139853
-0.08598399860710731,0.0022164493107256814,87.0,-6.0,0.09999999999999601,65.3037247997011,142381
-0.08365702158332557,0.0021632884545840494,88.0,-10.0,0.09999999999999629,66.5538716620038,144556
-0.08394912892178995,0.002170214015287399,89.0,-8.0,0.09999999999999616,64.90605755117771,146882
-0.08133188403290521,0.002123590124609349,90.0,-5.0,0.09999999999999601,65.30826800844413,149417
-0.08027686747790966,0.002092814022968525,91.0,-2.0,0.09999999999999712,8.447757707759429,152090
-0.07708869376730347,0.002065856747707687,92.0,-5.0,0.09999999999999601,64.46954878943082,154653
-0.0793980014916329,0.0019976653211985092,93.0,-9.0,0.09999999999999622,65.86433092826191,156904
-0.0786392006596274,0.0019938685671962745,94.0,-8.0,0.0999999999999962,64.61187888773559,159182
-0.07808978270580857,0.0019770656460275753,95.0,-5.0,0.09999999999999604,64.32974666352163,161674
-0.07580207660662669,0.0019760224649091147,96.0,-4.0,0.09999999999999855,64.59744916319057,164505
-0.07682054588945067,0.0019458645482330328,97.0,-5.0,0.09999999999999797,66.50962445504162,167270
-0.07676581621712593,0.001913733713082996,98.0,-7.0,0.09999999999999613,66.77822032155017,169632
-0.07702927651659629,0.0019395373284872045,99.0,-7.0,0.09999999999999616,64.34781765090746,171956
-0.07704337049478048,0.001910220138379614,100.0,-8.0,0.09999999999999609,64.58089632280252,174367
-0.07220941735940685,0.0018706408718403482,101.0,-5.0,0.09999999999999612,66.38277777463858,176745
-0.07326814864639797,0.0018424907179630306,102.0,-7.0,0.09999999999999695,66.50344586334441,179402
-0.07433360230888267,0.0018134595859006428,103.0,-11.0,0.09999999999999643,63.20433415999453,181436
-0.07272761469637358,0.001800327131017411,104.0,-8.0,0.09999999999999602,67.15794829883545,183954
-0.0736174717286714,0.0017469982896042712,105.0,-4.0,0.09999999999999769,66.35121934380886,186689
-0.07178129814795138,0.0017585803530899495,106.0,-8.0,0.09999999999999608,65.63779429224381,189119
-0.07184111978490862,0.0017258202542778259,107.0,-5.0,0.09999999999999815,64.68273872626719,191904
-0.06883649217760128,0.0016750246522247692,108.0,-3.0,0.09999999999999869,66.13968903923389,194752
-0.06864933042873426,0.001655520085778241,109.0,-8.0,0.09999999999999609,64.2432511057171,197177
-0.06854544590810444,0.0016709415094323114,110.0,-7.0,0.09999999999999672,64.65108822985387,199809
-0.06750948569437923,0.0016380004037976378,111.0,-4.0,0.09999999999999748,8.616838176678208,202521
-0.06976822400662497,0.0016168074006338072,112.0,-5.0,0.09999999999999602,66.79367289027734,205028
-0.06755078637565777,0.0015836839285178121,113.0,1.0,0.0999999999999993,66.71763217027933,207950
-0.06475338644874513,0.001585971600494108,114.0,-5.0,0.09999999999999824,63.65399894313946,210747
-0.06487010107567909,0.0015494563136390616,115.0,-8.0,0.09999999999999612,65.71416082324447,213121
-0.06322553191003774,0.0015477731778296537,116.0,-6.0,0.0999999999999961,65.48790374011679,215693
-0.06412621495162395,0.001510950815844413,117.0,-2.0,0.0999999999999978,65.46708097235506,218440
-0.0656751050320714,0.0015108706398576327,118.0,-8.0,0.09999999999999613,63.69994761490551,220804
-0.06391639005202546,0.0014611432353781428,119.0,-4.0,0.09999999999999792,65.675688693173,223565
-0.06577722075175331,0.0014576705380342295,120.0,-1.0,0.10000000000000045,66.90477735374803,226639
-0.06434732821931691,0.0014693873115281416,121.0,-2.0,0.09999999999999817,66.19932965995045,229427
-0.06259464516687621,0.0014458213575477446,122.0,-3.0,0.09999999999999941,64.08984663654834,232363
-0.06274669518053241,0.0014230857870667,123.0,-2.0,0.1000000000000005,66.04565824875688,235443
-0.05950318990330974,0.001415251896583284,124.0,-1.0,0.10000000000000046,65.7724918394735,238519
-0.061970285017170265,0.0013828555357648072,125.0,-5.0,0.09999999999999604,65.54962552085601,241014
-0.06156507796928222,0.0013482107655142705,126.0,-3.0,0.099999999999998,66.82865684992765,243782
-0.06192868160329097,0.0013568893399585804,127.0,-3.0,0.0999999999999983,66.08453605601477,246585
-0.05986666605223548,0.0013345619937542292,128.0,-7.0,0.09999999999999605,66.59124724141827,249054
-0.06043709314971247,0.0013210067402259285,129.0,-2.0,0.09999999999999909,9.034939369221835,251951
-0.06100285868679638,0.0013017641319040165,130.0,-7.0,0.09999999999999619,63.23959701145988,254238
-0.061689394668910436,0.0013238607000606644,131.0,2.0,0.10000000000000069,64.95834767169633,257344
-0.06190001330184191,0.0013064550293144335,132.0,-7.0,0.0999999999999984,64.89474781895433,260158
-0.059346798147245965,0.0013071256655379265,133.0,-3.0,0.09999999999999867,64.36954435526043,263005
-0.054990587594964974,0.0012604208836641706,134.0,-3.0,0.09999999999999905,65.96459876276714,265896
-0.056685996630153085,0.0012258288880296882,135.0,-10.0,0.09999999999999648,66.9281324304636,267882
-0.05835952479349102,0.00123185475044765,136.0,-1.0,0.10000000000000005,64.0512537751234,270901
-0.057691722636928365,0.0012477238439761828,137.0,-1.0,0.10000000000000123,66.3215666584269,274086
-0.054911418496159256,0.0012151586866805532,138.0,-3.0,0.09999999999999822,66.31319981304789,276879
-0.05637648655656404,0.001196246027675462,139.0,-1.0,0.09999999999999874,65.52609051332423,279733
-0.057279789590739184,0.001203688607182068,140.0,-7.0,0.09999999999999619,63.98005199158503,282021
-0.05685016162255231,0.0011861189638079951,141.0,2.0,0.10000000000000107,64.61682811069336,285183
-0.055773497730493546,0.0011820046904846095,142.0,-6.0,0.09999999999999604,63.293758858937224,287683
-0.056804395314264906,0.0011581180641105535,143.0,2.0,0.09999999999999835,65.15373246616899,290492
-0.0550239200298508,0.0011739333311716498,144.0,-1.0,0.09999999999999874,66.68441020543342,293346
-0.05650789829878647,0.0011621161921361027,145.0,-5.0,0.09999999999999747,66.06201744318369,296057
-0.05335040559195949,0.0011332344188144296,146.0,5.0,0.09999999999999659,65.7484256819856,298677
-0.053600744038034234,0.0011446226822301882,147.0,5.0,0.09999999999999712,8.478977102911129,301350
-0.052774722495461036,0.001113350329531312,148.0,-4.0,0.09999999999999751,66.05870700711114,304065
-0.05283469563206704,0.0011091080798626024,149.0,-3.0,0.0999999999999995,66.55517871692263,307014
-0.0525736451416836,0.0010850898848591346,150.0,-2.0,0.0999999999999976,65.05196015604156,309740
-0.05540831451169076,0.0010610985449759152,151.0,-3.0,0.09999999999999776,63.595733272869516,312482
-0.053967906162142754,0.00108592634844148,152.0,4.0,0.09999999999999723,64.66273659093007,315167
-0.053073362068716934,0.0010702945523993123,153.0,10.0,0.09999999999999602,65.15772711007912,317681
-0.04916453135318559,0.001055444490550758,154.0,5.0,0.09999999999999815,65.84195749925149,320466
-0.050777130109621635,0.0010612932587608034,155.0,7.0,0.099999999999997,65.95336812852061,323127
-0.04978607621144206,0.0010524427745617912,156.0,5.0,0.09999999999999601,65.10400658152665,325653
-0.047554990822295036,0.0010319173360905315,157.0,9.0,0.09999999999999604,65.42636167297508,328152
-0.04778283283041312,0.0010274193182968248,158.0,3.0,0.09999999999999873,63.23642977032418,331005
-0.04558206241633994,0.001030413632547098,159.0,10.0,0.09999999999999602,65.98369928518579,333527
-0.04755899832160718,0.0009914936654851943,160.0,15.0,0.09999999999999641,65.81163581209131,335580
-0.043933695128567866,0.0010270856418480275,161.0,11.0,0.09999999999999619,65.66980096595427,337872
-0.04467535185103349,0.0010196449074694716,162.0,6.0,0.09999999999999795,65.77177203731304,340636
-0.041973119925065396,0.0009948660918287198,163.0,9.0,0.09999999999999613,65.62537887876637,342997
-0.04494029212760715,0.0009872151240838973,164.0,10.0,0.09999999999999616,65.52887295798776,345316
-0.0415001533322101,0.0009721518531159722,165.0,15.0,0.09999999999999651,65.49126496078827,347273
-0.04416727011691157,0.0009739757738677808,166.0,2.0,0.10000000000000105,9.562333606580257,350430
-0.04315095138963888,0.0009675404699953271,167.0,14.0,0.09999999999999641,65.21843206265187,352474
-0.04264403438063806,0.000949755722812805,168.0,10.0,0.09999999999999609,64.62114961874913,354891
-0.04261197992681936,0.0009525983403447945,169.0,9.0,0.09999999999999602,66.35066096749344,357407
-0.04307899581814493,0.0009644333147910748,170.0,12.0,0.09999999999999624,66.7261864404967,359631
-0.04070179506666232,0.0009407772456454273,171.0,12.0,0.09999999999999637,64.22653338832082,361723
-0.03811786104703947,0.0009389916003571391,172.0,8.0,0.09999999999999604,65.69390294923674,364209
-0.040715886921509424,0.0009300511845369182,173.0,11.0,0.09999999999999618,66.1394166428553,366520
-0.038934133870995716,0.0009229037820665542,174.0,6.0,0.0999999999999961,64.10304579513381,368925
-0.03754947723725169,0.0008962021071394372,175.0,15.0,0.09999999999999641,64.41698086963204,370970
-0.03920670633087589,0.000903710062533933,176.0,16.0,0.09999999999999636,65.74428698053747,373069
-0.040551262313283,0.0009112185109004177,177.0,8.0,0.09999999999999665,66.03185655841382,375695
-0.037427233647642846,0.0008896788902848789,178.0,13.0,0.09999999999999626,64.04291612853972,377903
-0.03507590206823922,0.0008782533664808386,179.0,12.0,0.09999999999999637,64.90642171126542,379989
-0.03801800813505662,0.0008753618229168423,180.0,5.0,0.09999999999999791,63.408104647110456,382748
-0.037294926165411024,0.0008761463048254532,181.0,12.0,0.09999999999999618,65.23336342305845,385056
-0.03458493186443342,0.000872081786355504,182.0,11.0,0.09999999999999623,64.93678429154548,387305
-0.03627732341992669,0.0008614015342573112,183.0,6.0,0.099999999999996,65.42171962794484,389865
-0.03686189435940011,0.0008538317469491791,184.0,5.0,0.09999999999999769,63.86521959664586,392600
-0.03479761188815204,0.0008504595899348678,185.0,13.0,0.09999999999999626,64.76909689702434,394807
-0.03527936011101611,0.0008497844736032018,186.0,16.0,0.09999999999999654,65.66511728698295,396739
-0.03437992161045397,0.0008330088652533356,187.0,7.0,0.0999999999999961,62.093170329011684,399145
-0.0340281014632062,0.0008288834918664643,188.0,9.0,0.09999999999999605,7.676944509907017,401611
-0.032834870888088445,0.0008270958098200405,189.0,5.0,0.09999999999999949,66.33775181122729,404557
-0.033486830125904414,0.0008068955526345484,190.0,2.0,0.10000000000000014,65.20715797160193,407589
-0.03387248825013609,0.0007995610512803279,191.0,14.0,0.09999999999999636,65.3395834905296,409686
-0.03360452572231922,0.0008315634186202858,192.0,8.0,0.09999999999999634,65.0825605368206,412281
-0.03336372932358636,0.0007955750449406772,193.0,13.0,0.09999999999999637,63.359103156087,414373
-0.031015968036348165,0.0007755028780551368,194.0,16.0,0.09999999999999643,61.66471362025473,416406
-0.030780104717650556,0.0007851198763333309,195.0,10.0,0.09999999999999615,63.84461749063667,418741
-0.031824426466651616,0.0007858860559736813,196.0,3.0,0.10000000000000002,63.749825436710694,421756
-0.034049938932989694,0.0007681963086363584,197.0,14.0,0.09999999999999618,65.23521995933653,424067
-0.03130801397628501,0.0007619991997100212,198.0,8.0,0.09999999999999727,63.55159981907864,426757
-0.03291380235063114,0.0007537838025088491,199.0,9.0,0.09999999999999616,65.72266180486761,429088
-0.029715105897012335,0.0007484491708550124,200.0,12.0,0.09999999999999622,63.76416631241235,431342
-0.027999004475020083,0.0007466272841296998,201.0,12.0,0.09999999999999613,63.054992819368884,433709
-0.02852409321617765,0.0007312902237502455,202.0,15.0,0.09999999999999638,65.79026960651733,435789
-0.028936395859718324,0.000736971067590639,203.0,16.0,0.0999999999999966,64.88547606052312,437664
-0.02994519256046478,0.0007262312457573136,204.0,9.0,0.09999999999999602,62.911002954928236,440182
-0.029407556984455702,0.0007279660955911286,205.0,11.0,0.09999999999999608,63.79265607851382,442615
-0.029868289585234634,0.0007093464454807478,206.0,6.0,0.09999999999999903,64.69295143256328,445504
-0.02788549462993235,0.0007048578502975829,207.0,13.0,0.09999999999999624,65.46503514495421,447731
-0.025265423984102732,0.0006883516913896714,208.0,9.0,0.09999999999999604,7.956223063500477,450217
-0.02919142086369296,0.0006935249380654164,209.0,12.0,0.0999999999999963,62.19886316580749,452377
-0.029104874595796117,0.000687379177525937,210.0,9.0,0.09999999999999615,62.56411520302285,454719
-0.0289951884548849,0.0006859524803572588,211.0,11.0,0.09999999999999624,63.84484187456581,456950
-0.027166310324044523,0.0006764552525027173,212.0,12.0,0.09999999999999608,63.82127807088168,459392
-0.025232354543473567,0.0006761328025713228,213.0,13.0,0.09999999999999626,63.40180184443473,461605
-0.026839596418661352,0.0006660373896657468,214.0,11.0,0.09999999999999624,62.620768721732844,463834
-0.02618481133758723,0.0006712072065498629,215.0,17.0,0.09999999999999647,64.81866280400473,465829
-0.024627001636329082,0.0006575284850222383,216.0,17.0,0.09999999999999666,65.48221671028246,467658
-0.022198869234348734,0.0006432253341574917,217.0,14.0,0.09999999999999633,64.46498270780678,469784
-0.025972523039797604,0.0006404894707219322,218.0,5.0,0.09999999999999602,64.22615299040646,472297
-0.022578305844439813,0.0006455919496950678,219.0,12.0,0.09999999999999637,64.2099505447574,474392
-0.02423838667023353,0.0006304932608854625,220.0,12.0,0.0999999999999963,63.54960345313517,476553
-0.027249334754455484,0.0006250638681295742,221.0,10.0,0.09999999999999613,65.8931588052118,478911
-0.02413976559349755,0.0006143129250692498,222.0,9.0,0.09999999999999608,63.67837267738825,481349
-0.02664408127434861,0.0006230266021106491,223.0,15.0,0.09999999999999636,64.2606895226242,483446
-0.02326995160921822,0.0006221078049060124,224.0,4.0,0.09999999999999633,64.84804495923875,486040
-0.02360633554140929,0.0006202384319501532,225.0,17.0,0.09999999999999662,65.4620281715595,487904
-0.023462159966704907,0.0006072153198836511,226.0,8.0,0.09999999999999609,63.67124859169154,490317
-0.0225068208364896,0.0006110059253585559,227.0,15.0,0.09999999999999634,63.7237029628422,492428
-0.02377696308437708,0.0005996535007523605,228.0,14.0,0.09999999999999638,65.05491602112221,494507
-0.023643213976709397,0.0005927541506062896,229.0,8.0,0.09999999999999608,63.78846736659579,496945
-0.0230802227807946,0.0005835982811499149,230.0,13.0,0.09999999999999631,64.74854429728128,499095
-0.021571350672370582,0.0005778775194259961,231.0,12.0,0.09999999999999631,6.898876483080175,501236
-0.02360565327182524,0.0005757501586697134,232.0,15.0,0.09999999999999647,65.65858121339751,503233
-0.023009826514846416,0.0005724572544263796,233.0,13.0,0.09999999999999624,65.7293522393011,505451
-0.023329629141155626,0.0005787648813641919,234.0,11.0,0.09999999999999618,64.7102363673352,507757
-0.01836611907390748,0.0005629541125870373,235.0,12.0,0.09999999999999626,62.36245077346635,509971
-0.021067404573880958,0.0005671369667430442,236.0,15.0,0.09999999999999626,60.56212738036376,512183
-0.02252071030695546,0.0005597620375331819,237.0,16.0,0.09999999999999659,66.60927741278013,514063
-0.02042590167133505,0.0005465110760043787,238.0,12.0,0.09999999999999601,66.09808878794459,516594
-0.018978753716630093,0.0005457887880209669,239.0,9.0,0.099999999999996,64.62588928251628,519144
-0.01787507457325126,0.0005464819259749516,240.0,11.0,0.0999999999999962,63.81615950240166,521417
-0.019547017386552425,0.0005405493240116402,241.0,18.0,0.09999999999999665,61.97662978682883,523253
-0.01915846719518946,0.000528609477366664,242.0,11.0,0.09999999999999616,65.93480968047086,525573
-0.01741952748530009,0.0005362997041840626,243.0,16.0,0.09999999999999631,65.83192009848966,527719
-0.018558212065139093,0.0005260645254937988,244.0,11.0,0.0999999999999961,62.98275168097236,530108
-0.02066188532212407,0.0005217534649154233,245.0,14.0,0.0999999999999963,62.73223640093504,532274
-0.019660390453153126,0.0005171339243342659,246.0,9.0,0.09999999999999662,65.59655860781085,534896
-0.019275537275471034,0.0005110490656284828,247.0,7.0,0.09999999999999608,63.467425384860356,537465
-0.017934206835517587,0.0005189071304905099,248.0,8.0,0.09999999999999612,65.77793965747541,539839
-0.020074853237742694,0.0005046974533617452,249.0,14.0,0.09999999999999619,63.346237698112304,542134
-0.01938035355663849,0.0004961592143074297,250.0,18.0,0.0999999999999964,65.90290130642146,544194
-0.016869164559292202,0.00048689301893441953,251.0,15.0,0.09999999999999626,64.8762779078078,546409
-0.01949505340888427,0.00048800949683116483,252.0,16.0,0.09999999999999629,66.0004446678505,548591
-0.016888638324651522,0.00048692775769465236,253.0,17.0,0.09999999999999652,6.324587064076729,550531
-0.017701920211432083,0.0004831041397839509,254.0,14.0,0.09999999999999643,66.03330625347147,552570
-0.01824988474812017,0.0004763043367387498,255.0,10.0,0.09999999999999616,64.23542745373801,554893
-0.016967650381839113,0.00047395086512765013,256.0,14.0,0.09999999999999641,62.751652752970784,556939
-0.0171498599739786,0.00047978526812725433,257.0,19.0,0.09999999999999679,65.49497084415104,558677
-0.016186457660258564,0.0004687766544642515,258.0,14.0,0.09999999999999631,63.87278181649417,560830
-0.018572577501955106,0.0004639796650841536,259.0,9.0,0.09999999999999605,64.48271699297888,563304
-0.018681636885003235,0.0004569419935814244,260.0,13.0,0.09999999999999631,64.92934765303252,565447
-0.0190753783814476,0.00045838127052775233,261.0,10.0,0.09999999999999623,64.97625647284715,567687
-0.011209688816443901,0.00044961460992247996,262.0,16.0,0.09999999999999627,65.35745917575059,569879
-0.013874950456872454,0.0004565689105220372,263.0,17.0,0.09999999999999663,61.71718794262262,571727
-0.01581663955149688,0.0004460454147510933,264.0,12.0,0.09999999999999619,64.67462692498954,574013
-0.012760173067705244,0.0004416543367344784,265.0,13.0,0.09999999999999624,64.0814358147665,576236
-0.014943580584306466,0.00043755660706716,266.0,11.0,0.09999999999999619,65.0199650104609,578535
-0.014353531634944123,0.0004329836433539422,267.0,16.0,0.09999999999999658,61.67877841659178,580434
-0.012694724876068098,0.0004345488923285558,268.0,17.0,0.09999999999999644,63.36022967018529,582452
-0.015437259196466251,0.00042820489568937874,269.0,16.0,0.09999999999999643,65.1605374186874,584487
-0.011988245663473583,0.0004240727632051277,270.0,12.0,0.09999999999999633,65.40395233730867,586617
-0.01400077192807482,0.00041806199855358976,271.0,12.0,0.09999999999999633,64.36947597546634,588754
-0.012590138778893391,0.0004145935274139332,272.0,19.0,0.09999999999999658,63.72313539191026,590647
-0.010691282148485864,0.00041485634941693924,273.0,15.0,0.0999999999999963,65.69586496156235,592813
-0.012266948435541011,0.0004123873363968063,274.0,14.0,0.09999999999999641,65.01616960568406,594862
-0.013303112632870167,0.00041171392828084316,275.0,16.0,0.09999999999999634,62.912253515251095,596974
-0.01127737738900128,0.0004092958811421619,276.0,13.0,0.09999999999999618,63.119679326637005,599289
-0.010853528758420895,0.00040096234252946523,277.0,16.0,0.0999999999999965,6.338671125741726,601254
-0.011980578503889925,0.00040043909902764654,278.0,14.0,0.0999999999999963,65.67579674905714,603418
-0.011956757904004803,0.00039596580392343506,279.0,14.0,0.09999999999999624,65.85474858407913,605639
-0.014592751871154766,0.0003972537513126177,280.0,11.0,0.09999999999999605,62.25579334255079,608114
-0.01115444380043429,0.00038851567279722546,281.0,15.0,0.0999999999999965,63.27621398417629,610090
-0.01082149381566661,0.00038757255734754267,282.0,17.0,0.09999999999999662,64.77638375443117,611956
-0.010063039875106063,0.0003872788330164617,283.0,17.0,0.09999999999999654,62.89590874375036,613889
-0.012127079547861137,0.00039071576416860077,284.0,13.0,0.09999999999999619,63.74166619211309,616183
-0.011335973951025901,0.0003813577311225172,285.0,11.0,0.09999999999999615,64.68760756661258,618526
-0.012567513500726145,0.00037344629949422395,286.0,10.0,0.09999999999999618,63.2744542526614,620831
-0.013806214208898172,0.0003732700753061249,287.0,14.0,0.0999999999999963,62.72225319455965,622993
-0.010558856436999177,0.00037113782303301843,288.0,7.0,0.09999999999999858,64.75214995771917,625828
-0.011326398568470468,0.0003671599064047268,289.0,14.0,0.09999999999999629,64.41455215137759,628001
-0.01140568417214553,0.00036245915370676686,290.0,16.0,0.09999999999999656,63.90408474484696,629907
-0.009713782678867964,0.0003618679091708858,291.0,18.0,0.09999999999999666,62.862844226278746,631736
-0.009520200108376781,0.0003526175793965368,292.0,16.0,0.09999999999999624,66.12492698843249,633961
-0.009866178139495292,0.00035443982463720174,293.0,14.0,0.09999999999999624,65.1367757213335,636187
-0.011214995987916393,0.0003478434318234847,294.0,13.0,0.09999999999999612,64.29418296050275,638572
-0.012356244974897767,0.00034817197001820637,295.0,17.0,0.0999999999999963,64.11674465617641,640731
-0.012105369714472814,0.0003499047547533417,296.0,10.0,0.09999999999999624,64.4456220898326,642957
-0.00984324334755686,0.0003457793798149195,297.0,18.0,0.09999999999999654,63.54513871838997,644894
-0.010343231863369187,0.0003385353597118001,298.0,16.0,0.0999999999999965,63.698952262657556,646863
-0.00928777749055196,0.0003347363209923156,299.0,17.0,0.09999999999999658,64.27913077298705,648757
-0.011722774969724872,0.0003334571744153127,300.0,3.0,0.09999999999999824,8.729091685861865,651554
-0.010341136042322768,0.0003344967525902719,301.0,13.0,0.0999999999999962,65.90567791901485,653834
-0.00992586294297379,0.00033109357063572495,302.0,11.0,0.09999999999999624,63.81295101914971,656053
-0.009031806145624216,0.0003271039599815863,303.0,16.0,0.09999999999999638,65.2327143244922,658129
-0.010230116671059742,0.00032489149236708114,304.0,14.0,0.09999999999999641,64.60437177534189,660172
-0.009358546364446873,0.00032353476109599644,305.0,15.0,0.09999999999999643,64.38666677606444,662202
-0.009069222209074456,0.0003184619947334671,306.0,14.0,0.0999999999999963,65.14235093794697,664359
-0.009189061881022993,0.00031863502983566855,307.0,13.0,0.09999999999999637,64.0573129283333,666452
-0.01009989729565051,0.0003159661596594496,308.0,18.0,0.09999999999999648,63.59050490683216,668432
-0.009688567733835605,0.0003170570447709355,309.0,10.0,0.09999999999999618,62.81079737845543,670742
-0.007931110691677092,0.0003068229194997814,310.0,16.0,0.0999999999999965,65.63144058324642,672708
-0.008050519869893611,0.00031148907889793167,311.0,15.0,0.0999999999999963,64.37860508817296,674875
-0.007063327346176423,0.00030684047346151913,312.0,13.0,0.09999999999999626,63.45700107902615,677077
-0.008157594052041025,0.00030778317819897733,313.0,11.0,0.09999999999999623,63.687586867465946,679315
-0.011203213554763834,0.0003078002073109007,314.0,10.0,0.09999999999999609,65.00621515408994,681731
-0.00913786513786806,0.0002983940260246338,315.0,13.0,0.0999999999999963,64.87324090629279,683896
-0.008320963020264457,0.0002951023905555601,316.0,14.0,0.0999999999999961,64.29804121405301,686300
-0.008495726214848386,0.0002934314784229658,317.0,15.0,0.0999999999999964,65.73341063465949,688360
-0.007798539562956524,0.0002934397479831158,318.0,15.0,0.09999999999999619,63.107246360414614,690658
-0.008290970916291707,0.0002877243118794316,319.0,15.0,0.09999999999999638,62.92455630019034,692740
-0.00783118648112314,0.00028531869159188175,320.0,9.0,0.09999999999999695,65.334933188304,695396
-0.007090364650013994,0.00028430024522790544,321.0,17.0,0.09999999999999666,64.28050384627328,697226
-0.003996722297581938,0.0002774814071561478,322.0,9.0,0.09999999999999604,65.18048160377954,699713
-0.008301741389703009,0.0002781771927546066,323.0,14.0,0.0999999999999962,7.263668490558667,701995
-0.00724487434761674,0.000275424585708961,324.0,12.0,0.0999999999999962,65.79443594078846,704271
-0.010047591013467019,0.0002814106055827792,325.0,12.0,0.09999999999999613,64.75424676117292,706637
-0.009340980782089219,0.00027479482656036423,326.0,15.0,0.09999999999999627,64.64812566236796,708823
-0.006727777545324878,0.00027186326663572447,327.0,12.0,0.09999999999999619,63.340194887959015,711109
-0.005588826683151935,0.0002742479360753968,328.0,10.0,0.09999999999999619,65.11252699596687,713400
-0.0090119939827335,0.0002647389854349468,329.0,14.0,0.09999999999999616,63.72748652280048,715727
-0.006836902519092152,0.0002693265116805606,330.0,11.0,0.09999999999999612,63.541920020029494,718109
-0.006234072263204205,0.0002652384397874471,331.0,15.0,0.09999999999999637,61.11847797443187,720193
-0.005922294302770125,0.0002549732385986185,332.0,10.0,0.09999999999999606,64.87725466707009,722655
-0.0056174918274644395,0.0002586362119746327,333.0,15.0,0.09999999999999633,62.118283225441026,724785
-0.005004146777861438,0.00025258900406806295,334.0,16.0,0.09999999999999638,64.69027485837753,726861
-0.0075586839112646515,0.00025357645588713234,335.0,10.0,0.09999999999999602,63.410106085010604,729385
-0.004963176412903201,0.0002596827944216784,336.0,13.0,0.09999999999999624,64.08982826244177,731609
-0.005608182752710497,0.00025082462455424916,337.0,14.0,0.0999999999999964,62.71871767878375,733666
-0.00666695926296159,0.0002462271653323479,338.0,15.0,0.09999999999999626,64.93146116459096,735869
-0.006932190070897268,0.0002454758245675979,339.0,15.0,0.09999999999999643,64.3997994991019,737898
-0.007524907544630741,0.0002430962087972002,340.0,16.0,0.09999999999999631,64.49453079394723,740041
-0.007684545385025033,0.00024564024542092234,341.0,14.0,0.09999999999999644,62.38364921628994,742062
-0.006931869642740769,0.00024028126205529783,342.0,18.0,0.09999999999999656,63.742315540366086,743972
-0.004943743756463484,0.00023764874336775984,343.0,16.0,0.0999999999999965,64.35375697914442,745938
-0.0034675784623143316,0.00023912003146914026,344.0,15.0,0.09999999999999637,65.4578744554409,748026
-0.004547580351710377,0.00023483390295867373,345.0,13.0,0.09999999999999638,6.680594552058299,750097
-0.004545254391190168,0.0002335302733322228,346.0,17.0,0.09999999999999663,65.2737939568178,751947
-0.0018395833236892055,0.00022864956421047054,347.0,17.0,0.09999999999999652,65.58072210376444,753886
-0.002621651455905278,0.00022634301598932024,348.0,12.0,0.09999999999999631,62.92106593305692,756040
-0.004335020162393051,0.00022561313591518866,349.0,15.0,0.09999999999999613,65.50335267267494,758394
-0.0037736782093547336,0.00022725528252780559,350.0,13.0,0.09999999999999634,62.11952249939951,760512
-0.002307866622729561,0.00022493497299178514,351.0,13.0,0.09999999999999623,63.776791643153246,762754
-0.004199600227447371,0.00022014757445871643,352.0,17.0,0.09999999999999654,65.58198650094565,764684
-0.0032924623613665755,0.00021721387693125554,353.0,19.0,0.09999999999999667,61.75387414791504,766498
-0.003076713800953642,0.00021877289415906458,354.0,14.0,0.09999999999999636,63.88947349141268,768605
-0.003122408216136352,0.00021451218735207188,355.0,17.0,0.09999999999999645,62.51933908684237,770610
-0.004310368319289148,0.00021417251437693254,356.0,14.0,0.09999999999999634,63.34997126175654,772728
-0.003179579396094159,0.0002127826988554283,357.0,10.0,0.09999999999999601,66.43359941717452,775268
-0.002892422489340109,0.00020875600163155876,358.0,17.0,0.09999999999999654,64.60646631900339,777201
-0.0014979289632631775,0.00020887375941336508,359.0,16.0,0.09999999999999659,65.52966634006764,779090
-0.0011203678808666489,0.00020591421934982088,360.0,12.0,0.09999999999999626,62.76055082407282,781292
-0.0026552786197861136,0.00020699450487019405,361.0,14.0,0.09999999999999645,64.06228802248877,783295
-0.003458288876654343,0.00020235883538532128,362.0,13.0,0.09999999999999604,64.71967787519806,785788
-0.001993356841276072,0.0002070734543329011,363.0,20.0,0.09999999999999677,65.70037184044838,787537
-0.001946209197640677,0.00020219533786167861,364.0,14.0,0.09999999999999618,63.74018375937016,789848
-0.0027215001324354215,0.00019725394366249907,365.0,13.0,0.09999999999999627,64.4090589302111,792037
-0.0020265979413401085,0.0001966074966040197,366.0,14.0,0.09999999999999623,62.14748158039619,794274
-0.002435421431294855,0.00019535587160350205,367.0,14.0,0.09999999999999619,65.09812383492171,796565
-0.0014859915030442671,0.00021586224894442173,368.0,19.0,0.09999999999999665,63.567905549638056,798407
-0.001616119842143043,0.00019948749304193254,369.0,16.0,0.09999999999999633,6.781107392819798,800535
-0.0005373269619809591,0.00019597343248473504,370.0,16.0,0.09999999999999648,64.05081073417871,802520
-0.003376081145889177,0.0001917347459798687,371.0,18.0,0.09999999999999643,63.988800326985476,804552
-0.0001825887859704006,0.00018757497270911072,372.0,14.0,0.09999999999999633,63.65603896983153,806690
-0.0011692156202017016,0.00018800060069416207,373.0,18.0,0.09999999999999651,65.60528942497079,808653
0.00010299171693929927,0.0001841826455545254,374.0,10.0,0.09999999999999608,64.28178741918066,811081
-0.0009040418375965392,0.00018471528731247162,375.0,14.0,0.09999999999999619,65.29822373203616,813370
-0.0017581203305679892,0.000184975265256071,376.0,14.0,0.0999999999999963,64.94205734409374,815530
-0.0021580404108303016,0.00018121834937163877,377.0,12.0,0.09999999999999623,65.29606634015755,817773
0.0001414625794520999,0.00018269393719458224,378.0,14.0,0.0999999999999963,64.58247257195605,819939
-0.0017639242720847226,0.00017588406466975172,379.0,16.0,0.09999999999999651,63.116660997621395,821899
0.00032297002698854617,0.00018234236579767435,380.0,17.0,0.09999999999999663,65.05571816023158,823754
-0.0008698855048621078,0.00017601399199310304,381.0,15.0,0.0999999999999964,64.08996623833121,825809
-0.0030806646491460415,0.00017279141649298874,382.0,11.0,0.0999999999999962,62.8892402209226,828078
-0.001803692226870506,0.00017459360933282995,383.0,15.0,0.09999999999999631,63.41423055057348,830221
-0.002223819126887293,0.00017207639350840125,384.0,15.0,0.09999999999999644,64.14125838821786,832239
-0.0016828272435322914,0.00017102998069154222,385.0,10.0,0.09999999999999618,64.84388422508538,834552
-0.0031930830115675657,0.00016930199838657275,386.0,14.0,0.09999999999999626,64.9418029715211,836763
-0.00015013381842385705,0.00016637723467579661,387.0,15.0,0.09999999999999638,63.437485701374555,838840
-0.002378299596248257,0.00016496712661277581,388.0,19.0,0.09999999999999663,64.38382066558599,840694
-0.0033377509884018235,0.00016443891594971347,389.0,13.0,0.09999999999999631,63.24185593409761,842837
0.00012861559489032342,0.00016288958416348505,390.0,16.0,0.09999999999999644,65.01906807223796,844853
-0.0014977182106350776,0.00015825563255538724,391.0,16.0,0.09999999999999638,64.83056841345429,846934
-0.00020899774360207414,0.0001618375299289498,392.0,14.0,0.09999999999999631,63.977863002956404,849083
-0.00018007628733026867,0.0001616921577351814,393.0,13.0,0.0999999999999963,6.788873386782456,851252
-0.00238523508174036,0.00015964156348915215,394.0,18.0,0.09999999999999647,62.90541516478387,853242
0.0006820957259898668,0.00015602183589550256,395.0,15.0,0.09999999999999656,64.31093744948407,855149
-0.0006964421055131088,0.00015786083036512538,396.0,17.0,0.09999999999999655,63.558607689344136,857067
0.0003232404307269494,0.0001541422507313564,397.0,14.0,0.0999999999999964,65.12901093102425,859125
-0.0010564905581258827,0.00015517004985569734,398.0,13.0,0.09999999999999624,63.81758106770446,861349
-0.0014502629532894015,0.0001526395883291478,399.0,15.0,0.09999999999999618,63.676515667379064,863659
-0.0003180344588140627,0.00015157527364922108,400.0,15.0,0.09999999999999643,65.63441992779055,865697
3.7123930927952696e-05,0.00014900778615233934,401.0,14.0,0.09999999999999641,64.21209754949145,867748
0.00030994154068611745,0.0001473350203415699,402.0,14.0,0.09999999999999622,64.27003041276862,870012
0.0006743569530084526,0.00014671382504551807,403.0,17.0,0.09999999999999648,65.26080388241807,871995
-0.00022655613314893092,0.0001463603282509675,404.0,16.0,0.09999999999999644,63.502876444442954,874016
0.0010463258264143893,0.00014418985865739472,405.0,11.0,0.09999999999999613,65.18593126460279,876382
0.003286811369113051,0.0001423587486932285,406.0,17.0,0.09999999999999638,65.96336301211947,878462
-0.00047054148199440803,0.00014505989719247906,407.0,12.0,0.09999999999999618,63.34154497142784,880776
0.0018064818983332496,0.000141094846481649,408.0,20.0,0.09999999999999673,64.75094481243525,882556
0.0014636703496223456,0.0001405082365255326,409.0,20.0,0.09999999999999677,64.28374774416156,884304
0.002445987104252853,0.00014149517630498455,410.0,14.0,0.09999999999999633,65.39100415814667,886439
0.0013140445263309626,0.00013881252997743052,411.0,15.0,0.0999999999999962,65.04972554082391,888709
-0.001517189454807634,0.00014088374797862444,412.0,12.0,0.09999999999999608,64.45086997009881,891136
0.00026336771282004363,0.0001360132880755082,413.0,12.0,0.09999999999999624,63.92757042628225,893355
0.0006283990605815984,0.00013733170367630551,414.0,14.0,0.0999999999999962,64.62388994953857,895635
0.002841756031503127,0.00013630879583529285,415.0,15.0,0.09999999999999645,66.07014528583086,897644
0.004078925981402698,0.00013483715710658497,416.0,16.0,0.09999999999999648,66.09348540580713,899624
0.0022191172590718842,0.0001320937914695447,417.0,14.0,0.09999999999999618,7.226192621484994,901933
0.0017431243771462378,0.00013167267800052575,418.0,12.0,0.09999999999999633,65.09164080538329,904071
0.0022908901788434035,0.00013027372984545876,419.0,11.0,0.09999999999999619,65.46459170585814,906364
0.0018783621115104879,0.00012890108919724955,420.0,6.0,0.09999999999999855,65.29913822756501,909196
0.0015536308292275452,0.00012937224952265657,421.0,16.0,0.09999999999999645,63.62981602917179,911209
0.001671646548345446,0.00012693862314763998,422.0,18.0,0.0999999999999966,64.10683275976628,913079
-0.000586208797954892,0.0001252527256241596,423.0,18.0,0.09999999999999665,65.15189645095175,914922
0.002782177502622768,0.00012824763589742712,424.0,15.0,0.09999999999999638,64.20794116506784,916995
0.0011768902290146047,0.00012381586561251975,425.0,17.0,0.09999999999999662,64.17480541420758,918856
0.0031282182293708876,0.00012251105972701235,426.0,16.0,0.09999999999999648,62.06077255612281,920836
0.00037674448733225613,0.0001256363905314736,427.0,16.0,0.09999999999999637,65.11634267751728,922919
0.0017349258415324397,0.00012159257051432098,428.0,15.0,0.09999999999999641,65.77294043822008,924962
0.0011103322396573763,0.0001213283192736332,429.0,14.0,0.09999999999999631,63.68837359052863,927105
0.0011849349129279415,0.0001186960657074309,430.0,16.0,0.09999999999999644,65.67305421029118,929131
0.004045191740303771,0.00011856202316573666,431.0,15.0,0.09999999999999645,63.42784931643078,931134
0.003384146382265461,0.00011805209594430875,432.0,17.0,0.09999999999999656,65.00859243979929,933041
0.0024449583376583476,0.00011810851598944566,433.0,13.0,0.09999999999999631,65.0401125672031,935194
0.004175415610969888,0.00011656630319374231,434.0,13.0,0.09999999999999629,63.38318720652098,937370
0.0014530462466772942,0.00011615507504376903,435.0,16.0,0.09999999999999647,65.73935646948651,939369
0.003930698328449861,0.0001146890984470242,436.0,17.0,0.09999999999999652,64.10478629757208,941309
0.0004021340244731238,0.00011445733322441996,437.0,10.0,0.09999999999999613,65.66055898270231,943674
0.0007098897793248557,0.00011718732292720553,438.0,17.0,0.09999999999999667,64.81016786982899,945498
0.004239322951740676,0.00011247564947879007,439.0,17.0,0.09999999999999638,63.507831544759036,947572
-0.0017213577441461793,0.00011126828680242218,440.0,13.0,0.0999999999999962,65.0920862775402,949847
0.005879687493389865,0.00011187098661818029,441.0,19.0,0.09999999999999679,5.635804307007759,951581
0.003488288790647508,0.00010907283550199318,442.0,10.0,0.09999999999999609,65.26869610400746,953997
0.001648890040528756,0.00010878340232603755,443.0,16.0,0.09999999999999651,64.76864657820332,955950
0.0011211907171989341,0.00010955365993082755,444.0,8.0,0.09999999999999602,63.77249441626623,958460
0.0045425416462864555,0.00010718186819612674,445.0,15.0,0.09999999999999636,64.99459124603946,960561
0.002481449075490707,0.00010585795846938299,446.0,16.0,0.09999999999999658,64.13691119308757,962459
0.0021007830717278916,0.00010624120170923443,447.0,15.0,0.09999999999999647,64.85282044225659,964452
0.005077387251006203,0.00010619014849698875,448.0,19.0,0.09999999999999674,64.43233560055022,966221
0.00164636267541497,0.0001047016486064091,449.0,15.0,0.09999999999999641,64.70129480692515,968264
0.0023109633897619294,0.00010299955252337205,450.0,16.0,0.09999999999999643,62.68719970275689,970294
0.007693995765498654,0.00010123410238715285,451.0,21.0,0.09999999999999694,62.666426248594604,971929
0.006254330696456252,0.0001034881479315097,452.0,15.0,0.0999999999999962,64.98606727294097,974205
0.003324733523151462,0.00010364976521325173,453.0,21.0,0.09999999999999688,63.54934954665741,975876
0.0022994872540451575,0.00010267448080303785,454.0,14.0,0.09999999999999626,64.63917853363108,978083
0.0028474667005101654,0.00010031481783911336,455.0,16.0,0.09999999999999633,63.919271332842996,980223
0.002442615552409429,0.0001026451205859128,456.0,16.0,0.09999999999999638,62.97982492825353,982300
0.004704210088353883,9.816897047322422e-05,457.0,15.0,0.09999999999999613,65.28594841596318,984652
0.005230013091533847,9.765009789001248e-05,458.0,15.0,0.09999999999999637,64.89651482897992,986735
0.0057926767218656776,9.660262049216383e-05,459.0,13.0,0.09999999999999626,65.30023471416102,988938
0.004858029891368138,9.615785926980643e-05,460.0,17.0,0.09999999999999644,62.67113907819986,990964
0.003939539731049247,9.518523092731055e-05,461.0,11.0,0.09999999999999619,64.82828707637861,993257
0.0025122523166843363,9.46617083281052e-05,462.0,17.0,0.09999999999999663,65.51174792716726,995107
0.003635557935204736,9.288446695277769e-05,463.0,17.0,0.09999999999999656,65.06629150678097,997013
